STATE,ST_CASE,VE_TOTAL,VE_FORMS,PVH_INVL,PEDS,PERNOTMVIT,PERMVIT,PERSONS,COUNTY,CITY,DAY,MONTH,YEAR,DAY_WEEK,HOUR,MINUTE,NHS,ROAD_FNC,ROUTE,TWAY_ID,TWAY_ID2,MILEPT,LATITUDE,LONGITUD,SP_JUR,HARM_EV,MAN_COLL,RELJCT1,RELJCT2,TYP_INT,WRK_ZONE,REL_ROAD,LGT_COND,WEATHER1,WEATHER2,WEATHER,SCH_BUS,RAIL,NOT_HOUR,NOT_MIN,ARR_HOUR,ARR_MIN,HOSP_HR,HOSP_MN,CF1,CF2,CF3,FATALS,DRUNK_DR
6,60572,2,2,0,0,0,2,2,73,3260,13,4,2012,6,18,6,0,14,6,UNIVERSITY AVE,,0,32.74776667,-117.0760139,0,12,2,0,1,1,0,1,1,10,0,10,0,0000000,99,99,99,99,99,99,0,0,0,1,0
6,60575,1,1,0,0,0,1,1,65,0,13,4,2012,6,22,50,0,4,4,CR-OLD ELSINORE RD,,0,33.82916944,-117.2857917,0,42,0,0,1,1,0,5,2,10,0,10,0,0000000,99,99,99,99,88,88,0,0,0,1,0
32,320166,1,1,0,1,1,1,1,3,120,13,4,2012,6,17,40,0,14,6,OWENS AVE,,0,36.18831111,-115.1040639,0,8,0,0,1,1,0,4,1,10,0,10,0,0000000,17,41,17,44,18,1,0,0,0,1,0
32,320211,1,1,0,0,0,1,1,3,141,13,4,2012,6,20,29,0,16,6,MESA BLVD,,0,36.81626944,-114.0633417,0,1,0,0,1,1,0,4,3,10,0,10,0,0000000,99,99,99,99,99,99,0,0,0,1,0